Year,Quarter,Year_Quarter,Ventas_Totales,Ventas_Ajustadas,Pedidos,Clientes,GDP_USD,Inflation_pct,Unemployment_pct,Population_Total,Ventas_per_Capita
2009,4,2009-Q4,641499.39,629157.0171282343,1500,952,2429358155475.93,1.96173173560109,7.683,62276270.0,0.010300864036975882
2010,1,2010-Q1,1635044.789,1595279.9675179399,3594,1794,2496740681057.14,2.49265472467065,7.973,62766365.0,0.026049696983408234
2010,2,2010-Q2,1753506.172,1710860.3311237285,4164,2033,2496740681057.14,2.49265472467065,7.973,62766365.0,0.027937035576299504
2010,3,2010-Q3,1899494.441,1853298.1179018866,4316,2048,2496740681057.14,2.49265472467065,7.973,62766365.0,0.03026293526795761
2010,4,2010-Q4,2898458.682,2827967.223393934,6071,2662,2496740681057.14,2.49265472467065,7.973,62766365.0,0.04617853339125183
2011,1,2011-Q1,1444572.94,1390936.8509625143,3279,1767,2675590034128.66,3.8561124468282,8.195,63258810.0,0.0228359170841184
2011,2,2011-Q2,1655063.051,1593611.5958965363,4054,1981,2675590034128.66,3.8561124468282,8.195,63258810.0,0.026163360502671484
2011,3,2011-Q3,2101656.943,2023623.7362302553,4338,2153,2675590034128.66,3.8561124468282,8.195,63258810.0,0.033223150150943404
2011,4,2011-Q4,2408715.33,2319281.2375229276,5319,2551,2675590034128.66,3.8561124468282,8.195,63258810.0,0.038077152099446704
